  
{
    "name":"eXoCAN",
    "keywords":"CAN, bus, automotive",
    "description":"Easy to use eXoCAN supports polling/interrupts, single wire and CAN bus xcvrs, 16/32b filters, STD/Extended IDs, listen only",
    "repository": {
        "type":"git",
        "url":"https://github.com/exothink/eXoCAN.git"
    },
    "version":"1.0.3",
    "authors":
    {
        "name": "John Eckert",
        "url": "https://github.com/exothink",
        "maintainer": true
    },
    "frameworks":"arduino",
    "platforms":"ststm32"
}